Title,Video ID,URL
What Does a Question Mark Do? ❓ StoryBots: Learn to Read | Netflix Jr,iOZjsKRSuJU,https://www.youtube.com/watch?v=iOZjsKRSuJU
Punctuation Explained (by Punctuation!) | Scratch Garden,LdCOswMeXFQ,https://www.youtube.com/watch?v=LdCOswMeXFQ
What is a question mark | Question marks explained | Question marks for kids | Kids punctuation |ks2,ks6P3VafDXE,https://www.youtube.com/watch?v=ks6P3VafDXE
Yes Yes Vegetable Song | Good Habits Song | More Nursery Rhymes & Kids Songs,MlclyaDvLJY,https://www.youtube.com/watch?v=MlclyaDvLJY
"Learn Letter Q | Q for Queen, Question Mark, Quill, Quarter & Quail | Zainoor Toon",ka3GZKTUf4E,https://www.youtube.com/watch?v=ka3GZKTUf4E
Question Mark I Sentence Ending Punctuation | Game,zbiXJUhAWFQ,https://www.youtube.com/watch?v=zbiXJUhAWFQ
class 2nd कब लगाए Full stop 🤷 कहा लगाए question mark 💁 और कब इस्तेमाल करे capital letters का,PLN0WE9c088,https://www.youtube.com/watch?v=PLN0WE9c088
How to draw question mark?...,79JyhQDCszc,https://www.youtube.com/watch?v=79JyhQDCszc
Church at Home | Elementary | Question Mark Week 4 - Sept. 26/27,WhEqVBYum0c,https://www.youtube.com/watch?v=WhEqVBYum0c
Question mark (?) or full stop(•) कब लगाना है?,fS6P16TEjqY,https://www.youtube.com/watch?v=fS6P16TEjqY
Vlad and Niki - best stories about Toys for children,fcau5JzeEmA,https://www.youtube.com/watch?v=fcau5JzeEmA
Nastya and papa are learning to count to 10,XvxbQLGM5Oc,https://www.youtube.com/watch?v=XvxbQLGM5Oc
How to draw question mark ❓️ for Kids #easydrawing #kidstvshort #kidstv,KGWSkBkW-us,https://www.youtube.com/watch?v=KGWSkBkW-us
What did Misti add to her father food 😲🤣🤪 #shorts #viralvideo #trending #mistihappylifestyle,O3fElxtslSg,https://www.youtube.com/watch?v=O3fElxtslSg
Q for Question mark | R for Rose | kids learning shorts video  #aforapple #kidslearning #abcd,R6vJ6d0-i4o,https://www.youtube.com/watch?v=R6vJ6d0-i4o
Question Mark❓ Easy Drawing For Kids #question #kidstvforfun #trending #shorts #viralshorts #drawing,fdTh1XT3rzs,https://www.youtube.com/watch?v=fdTh1XT3rzs
CONFUSED ❓🤔 QUESTION MARK EMOJI || #emoji #funny #trending #shorts #shortvideo #question #mark,tOg0HRE4eXo,https://www.youtube.com/watch?v=tOg0HRE4eXo
Peppa Pig Official Channel ‚≠êÔ∏èüê≠ Peppa Pig Chinese New Year Special  üê≠‚≠êÔ∏è | Kids Videos,pvNVKI924PI,https://www.youtube.com/watch?v=pvNVKI924PI
What Did You Cook Today? 😂🐄🍲 #Shorts #Funny #Comedy #DesiAnimal #funnyshorts #youtubeshorts #popular,XccklLIaaxo,https://www.youtube.com/watch?v=XccklLIaaxo
This Talking Pizza Knows Your Secret! 🍕🤫 #shorts  #trending  #funny,q_szo78lex4,https://www.youtube.com/watch?v=q_szo78lex4
